model,sus_detection_rate,evil_detection_rate,avg_score_normal,avg_score_sus,avg_score_evil
kmeans,0.9441965717751766,0.9932841850131287,10.189157816131981,16.37991473115452,38.329106153640666
dbscan,0.9986585714369033,1.0,0.7055628660815653,1.8831818362413268,11.193597036641407
gmm,0.9428609755101802,0.9930695819026459,-53.28235366027624,53462.50712883346,343.9657421968024
