Model,Feature_Set,Accuracy,Precision,Recall,F1-Score,FPR,TNR
K-Means (Baseline),Numeric Only,0.9348404747918949,0.9844568102671505,0.9430767705398958,0.9633226197532997,0.14581905414667581,0.8541809458533242
DBSCAN (Baseline),Numeric Only,0.9432123069107304,0.9966934078295158,0.9405338885681125,0.9677996261143802,0.030557459447109893,0.9694425405528901
GMM (Baseline),Numeric Only,0.9355231336688417,0.9856033951840583,0.9427093357595694,0.9636792902795002,0.1348526387936943,0.8651473612063056
K-Means (Enhanced),Numeric + TF-IDF,0.9327766223732186,0.981002993467696,0.9441965717751766,0.9622479456736556,0.17906100068540096,0.820938999314599
DBSCAN (Enhanced),Numeric + TF-IDF,0.9600512258754174,0.9590082218787105,0.9986585714369033,0.9784318599342299,0.41803746858578933,0.5819625314142106
GMM (Enhanced),Numeric + TF-IDF,0.93013065773389,0.9793660794339303,0.9428609755101802,0.9607668924038785,0.1945396390221613,0.8054603609778387
