Dataset,Rows,Columns,Duplicates,Null_Cells,Memory_MB
BETH Train,763144,17,0,0,241.38964557647705
BETH Val,188967,17,0,0,57.468607902526855
BETH Test,188967,17,0,0,68.57043266296387
UNSW Train,82332,122,26387,0,81.01539611816406
UNSW Test,87670,122,29516,0,86.28750514984131
