model,accuracy,precision,recall,f1_score
logistic_regression,0.8720314816927113,0.980331119262417,0.8286073403720463,0.8981063530266564
random_forest,0.9039694308201209,0.9870008932134781,0.8703703703703703,0.9250238224581214
xgboost,0.9002623474392608,0.9891650977830714,0.8629126864420982,0.9217357058465504
