attack_type,precision,recall,f1_score,support
Generic,0.9949578984520748,0.9834537752305009,0.9891723895934633,20065
Reconnaissance,0.9279723729649728,0.7425977102250296,0.825,5066
Exploits,0.7444187836797537,0.6570105003088326,0.6979887791594213,16190
Fuzzers,0.5788348476750401,0.5301027900146843,0.5533980582524272,2043
Shellcode,0.41296060991105465,0.7004310344827587,0.5195843325339728,464
DoS,0.34051967614385237,0.6088200639622959,0.4367566262150577,5941
Worms,0.8888888888888888,0.11764705882352941,0.2077922077922078,68
Backdoor,0.96,0.025806451612903226,0.050261780104712044,930
Analysis,0.0,0.0,0.0,723
