feature_set,n_features,accuracy,f1_score,roc_auc
all_features,121,0.2638416790236113,0.21467249120843018,0.5022870277598219
selected_features,30,0.3186494810083267,0.22810327449409454,0.47846690787426077
